<?xml version="1.0" encoding="UTF-8"?>
<users>
	<user>
		<user_id>66</user_id>
		<user_img>http://stylegallery.s3.amazonaws.com/banners/728x90/fifthofjuly.jpg</user_img>
		<user_name>fifthofjuly</user_name>
		<shoe_img>http://stylegallery.s3.amazonaws.com/banners/728x90/shoes/black_black_canvas.jpg</shoe_img>
		<shoe_name>Champion Black Black Canvas</shoe_name>
		<shoe_price><![CDATA[]]></shoe_price>
		<shoe_link><![CDATA[http://www.keds.com/coupon.jsp?code=09_10_15+STYLE+GALLERY+PAGE&URL=%2Fshopping%2Fproduct%2Fdetailmain.jsp%3FitemID%3D1563%26itemType%3DPRODUCT%26iMainCat%3D289%26iSubCat%3D294%26iProductID%3D1563]]></shoe_link>
	</user>
	<user>
		<user_id>57</user_id>
		<user_img>http://stylegallery.s3.amazonaws.com/banners/728x90/ladytraveler.jpg</user_img>
		<user_name>ladytraveler</user_name>
		<shoe_img>http://stylegallery.s3.amazonaws.com/banners/728x90/shoes/white_canvas.jpg</shoe_img>
		<shoe_name>Champion White Canvas</shoe_name>
		<shoe_price><![CDATA[]]></shoe_price>
		<shoe_link>http://www.keds.com/coupon.jsp?code=09_10_15+STYLE+GALLERY+PAGE&URL=%2Fjump.jsp%3FitemID%3D591%26itemType%3DPRODUCT</shoe_link>
	</user>
	<user>
		<user_id>59</user_id>
		<user_img>http://stylegallery.s3.amazonaws.com/banners/728x90/memoriesineyes.jpg</user_img>
		<user_name>memoriesineyes</user_name>
		<shoe_img>http://stylegallery.s3.amazonaws.com/banners/728x90/shoes/red_canvas.jpg</shoe_img>
		<shoe_name>Champion Red Canvas</shoe_name>
		<shoe_price><![CDATA[]]></shoe_price>
		<shoe_link><![CDATA[http://www.keds.com/coupon.jsp?code=09_10_15+STYLE+GALLERY+PAGE&URL=%2Fshopping%2Fproduct%2Fdetailmain.jsp%3FitemID%3D1559%26itemType%3DPRODUCT%26iMainCat%3D289%26iSubCat%3D294%26iProductID%3D1559]]></shoe_link>
	</user>
	<user>
		<user_id>22</user_id>
		<user_img>http://stylegallery.s3.amazonaws.com/banners/728x90/karenstarr.jpg</user_img>
		<user_name>karenstarr</user_name>
		<shoe_img>http://stylegallery.s3.amazonaws.com/banners/728x90/shoes/white_canvas.jpg</shoe_img>
		<shoe_name>Champion White Canvas</shoe_name>
		<shoe_price><![CDATA[]]></shoe_price>
		<shoe_link>http://www.keds.com/coupon.jsp?code=09_10_15+STYLE+GALLERY+PAGE&URL=%2Fjump.jsp%3FitemID%3D591%26itemType%3DPRODUCT</shoe_link>
	</user>	
	<user>
		<user_id>64</user_id>
		<user_img>http://stylegallery.s3.amazonaws.com/banners/728x90/noweyh.jpg</user_img>
		<user_name>noweyh</user_name>
		<shoe_img>http://stylegallery.s3.amazonaws.com/banners/728x90/shoes/red_canvas.jpg</shoe_img>
		<shoe_name>Champion Red Canvas</shoe_name>
		<shoe_price><![CDATA[]]></shoe_price>
		<shoe_link><![CDATA[http://www.keds.com/coupon.jsp?code=09_10_15+STYLE+GALLERY+PAGE&URL=%2Fshopping%2Fproduct%2Fdetailmain.jsp%3FitemID%3D1559%26itemType%3DPRODUCT%26iMainCat%3D289%26iSubCat%3D294%26iProductID%3D1559]]></shoe_link>
	</user>
	<user>
		<user_id>1</user_id>
		<user_img>http://stylegallery.s3.amazonaws.com/banners/728x90/cfraisrudy.jpg</user_img>
		<user_name>cfraisrudy</user_name>
		<shoe_img>http://stylegallery.s3.amazonaws.com/banners/728x90/shoes/mens_white_canvas.jpg</shoe_img>
		<shoe_name>Men's Champion White Canvas</shoe_name>
		<shoe_price><![CDATA[]]></shoe_price>
		<shoe_link><![CDATA[http://www.keds.com/coupon.jsp?code=09_10_15+STYLE+GALLERY+PAGE&URL=%2Fshopping%2Fproduct%2Fdetailmain.jsp%3FitemID%3D1521%26itemType%3DPRODUCT%26iMainCat%3D220%26iSubCat%3D221%26iProductID%3D1521]]></shoe_link>
	</user>
	<user>
		<user_id>49</user_id>
		<user_img>http://stylegallery.s3.amazonaws.com/banners/728x90/phancypants.jpg</user_img>
		<user_name>phancypants</user_name>
		<shoe_img>http://stylegallery.s3.amazonaws.com/banners/728x90/shoes/bright_blue_canvas.jpg</shoe_img>
		<shoe_name>Champion Bright Blue Canvas</shoe_name>
		<shoe_price><![CDATA[]]></shoe_price>
		<shoe_link><![CDATA[http://www.keds.com/coupon.jsp?code=09_10_15+STYLE+GALLERY+PAGE&URL=%2Fshopping%2Fproduct%2Fdetailmain.jsp%3FitemID%3D1575%26itemType%3DPRODUCT%26iMainCat%3D289%26iSubCat%3D294%26iProductID%3D1575]]></shoe_link>
	</user>
	<user>
		<user_id>58</user_id>
		<user_img>http://stylegallery.s3.amazonaws.com/banners/728x90/inAdriensLocker.jpg</user_img>
		<user_name>inAdriensLocker</user_name>
		<shoe_img>http://stylegallery.s3.amazonaws.com/banners/728x90/shoes/white_canvas.jpg</shoe_img>
		<shoe_name>Champion White Canvas</shoe_name>
		<shoe_price><![CDATA[]]></shoe_price>
		<shoe_link>http://www.keds.com/coupon.jsp?code=09_10_15+STYLE+GALLERY+PAGE&URL=%2Fjump.jsp%3FitemID%3D591%26itemType%3DPRODUCT</shoe_link>
	</user>	
	<user>
		<user_id>4</user_id>
		<user_img>http://stylegallery.s3.amazonaws.com/banners/728x90/BUI.jpg</user_img>
		<user_name>BUI</user_name>
		<shoe_img>http://stylegallery.s3.amazonaws.com/banners/728x90/shoes/red_canvas.jpg</shoe_img>
		<shoe_name>Champion Red Canvas</shoe_name>
		<shoe_price><![CDATA[]]></shoe_price>
		<shoe_link><![CDATA[http://www.keds.com/coupon.jsp?code=09_10_15+STYLE+GALLERY+PAGE&URL=%2Fshopping%2Fproduct%2Fdetailmain.jsp%3FitemID%3D1559%26itemType%3DPRODUCT%26iMainCat%3D289%26iSubCat%3D294%26iProductID%3D1559]]></shoe_link>
	</user>
	<user>
		<user_id>43</user_id>
		<user_img>http://stylegallery.s3.amazonaws.com/banners/728x90/threefeathers.jpg</user_img>
		<user_name>threefeathers</user_name>
		<shoe_img>http://stylegallery.s3.amazonaws.com/banners/728x90/shoes/black_canvas.jpg</shoe_img>
		<shoe_name>Champion Black Canvas</shoe_name>
		<shoe_price><![CDATA[]]></shoe_price>
		<shoe_link>http://www.keds.com/coupon.jsp?code=09_10_15+STYLE+GALLERY+PAGE&URL=%2Fshopping%2Fproduct%2Fdetailmain.jsp%3FitemID%3D1560%26itemType%3DPRODUCT%26iMainCat%3D289%26iSubCat%3D294%26iProductID%3D1560</shoe_link>
	</user>
	<user>
		<user_id>46</user_id>
		<user_img>http://stylegallery.s3.amazonaws.com/banners/728x90/Verysilllysofia.jpg</user_img>
		<user_name>Verysilllysofia</user_name>
		<shoe_img>http://stylegallery.s3.amazonaws.com/banners/728x90/shoes/brown_canvas.jpg</shoe_img>
		<shoe_name>Champion Brown Canvas</shoe_name>
		<shoe_price><![CDATA[]]></shoe_price>
		<shoe_link><![CDATA[http://www.keds.com/coupon.jsp?code=09_10_15+STYLE+GALLERY+PAGE&URL=%2Fshopping%2Fproduct%2Fdetailmain.jsp%3FitemID%3D1558%26itemType%3DPRODUCT%26RS%3D1%26keyword%3Dbrown%2Bchampion%26sColor%3D]]></shoe_link>
	</user>
	<user>
		<user_id>26</user_id>
		<user_img>http://stylegallery.s3.amazonaws.com/banners/728x90/MaleUgly.jpg</user_img>
		<user_name>MaleUgly</user_name>
		<shoe_img>http://stylegallery.s3.amazonaws.com/banners/728x90/shoes/mens_black_canvas.jpg</shoe_img>
		<shoe_name>Men's Champion Black Canvas</shoe_name>
		<shoe_price><![CDATA[]]></shoe_price>
		<shoe_link><![CDATA[http://www.keds.com/coupon.jsp?code=09_10_15+STYLE+GALLERY+PAGE&URL=%2Fshopping%2Fproduct%2Fdetailmain.jsp%3FitemID%3D1520%26itemType%3DPRODUCT%26iMainCat%3D220%26iSubCat%3D221%26iProductID%3D1520]]></shoe_link>
	</user>
	<user>
		<user_id>55</user_id>
		<user_img>http://stylegallery.s3.amazonaws.com/banners/728x90/camilleishy.jpg</user_img>
		<user_name>camilleishy</user_name>
		<shoe_img>http://stylegallery.s3.amazonaws.com/banners/728x90/shoes/red_canvas.jpg</shoe_img>
		<shoe_name>Champion Red Canvas</shoe_name>
		<shoe_price><![CDATA[]]></shoe_price>
		<shoe_link><![CDATA[http://www.keds.com/coupon.jsp?code=09_10_15+STYLE+GALLERY+PAGE&URL=%2Fshopping%2Fproduct%2Fdetailmain.jsp%3FitemID%3D1559%26itemType%3DPRODUCT%26iMainCat%3D289%26iSubCat%3D294%26iProductID%3D1559]]></shoe_link>
	</user>	
	<user>
		<user_id>66</user_id>
		<user_img>http://stylegallery.s3.amazonaws.com/banners/728x90/fifthofjuly2.jpg</user_img>
		<user_name>fifthofjuly</user_name>
		<shoe_img>http://stylegallery.s3.amazonaws.com/banners/728x90/shoes/black_black_canvas.jpg</shoe_img>
		<shoe_name>Champion Black Black Canvas</shoe_name>
		<shoe_price><![CDATA[]]></shoe_price>
		<shoe_link><![CDATA[http://www.keds.com/coupon.jsp?code=09_10_15+STYLE+GALLERY+PAGE&URL=%2Fshopping%2Fproduct%2Fdetailmain.jsp%3FitemID%3D1563%26itemType%3DPRODUCT%26iMainCat%3D289%26iSubCat%3D294%26iProductID%3D1563]]></shoe_link>
	</user>
	<user>
		<user_id>56</user_id>
		<user_img>http://stylegallery.s3.amazonaws.com/banners/728x90/Wandiola101.jpg</user_img>
		<user_name>Wandiola101</user_name>
		<shoe_img>http://stylegallery.s3.amazonaws.com/banners/728x90/shoes/red_canvas.jpg</shoe_img>
		<shoe_name>Champion Red Canvas</shoe_name>
		<shoe_price><![CDATA[]]></shoe_price>
		<shoe_link><![CDATA[http://www.keds.com/coupon.jsp?code=09_10_15+STYLE+GALLERY+PAGE&URL=%2Fshopping%2Fproduct%2Fdetailmain.jsp%3FitemID%3D1559%26itemType%3DPRODUCT%26iMainCat%3D289%26iSubCat%3D294%26iProductID%3D1559]]></shoe_link>
	</user>
	<user>
		<user_id>16</user_id>
		<user_img>http://stylegallery.s3.amazonaws.com/banners/728x90/fist.jpg</user_img>
		<user_name>fist</user_name>
		<shoe_img>http://stylegallery.s3.amazonaws.com/banners/728x90/shoes/navy_canvas.jpg</shoe_img>
		<shoe_name>Champion Navy Canvas</shoe_name>
		<shoe_price><![CDATA[]]></shoe_price>
		<shoe_link><![CDATA[http://www.keds.com/coupon.jsp?code=09_10_15+STYLE+GALLERY+PAGE&URL=%2Fshopping%2Fproduct%2Fdetailmain.jsp%3FitemID%3D1561%26itemType%3DPRODUCT%26iMainCat%3D289%26iSubCat%3D294%26iProductID%3D1561]]></shoe_link>
	</user>
</users>







